machine,start,end,peak_risk,mean_risk,n_buckets,hit
Makine 1,2026-05-14 12:00:00+00:00,2026-05-14 14:45:00+00:00,0.89,0.415,166,True
Makine 1,2026-04-02 13:00:00+00:00,2026-04-02 14:49:00+00:00,0.844,0.514,110,True
Makine 1,2026-04-10 12:57:00+00:00,2026-04-10 14:44:00+00:00,0.84,0.458,108,True
Makine 1,2026-04-14 07:10:00+00:00,2026-04-14 14:45:00+00:00,0.837,0.372,455,True
Makine 1,2026-03-27 12:00:00+00:00,2026-03-27 14:54:00+00:00,0.828,0.455,175,True
Makine 1,2026-04-06 13:33:00+00:00,2026-04-06 14:53:00+00:00,0.824,0.599,81,True
Makine 3,2026-04-28 13:00:00+00:00,2026-04-28 14:54:00+00:00,0.819,0.502,115,False
Makine 1,2026-04-03 13:35:00+00:00,2026-04-03 14:41:00+00:00,0.819,0.588,67,True
Makine 3,2026-04-29 12:40:00+00:00,2026-04-29 14:57:00+00:00,0.818,0.47,138,False
Makine 1,2026-04-07 13:48:00+00:00,2026-04-07 14:56:00+00:00,0.817,0.678,69,True
Makine 9,2026-02-11 07:39:00+00:00,2026-02-11 09:08:00+00:00,0.814,0.512,90,True
Makine 1,2026-04-29 13:36:00+00:00,2026-04-29 14:52:00+00:00,0.811,0.559,77,True
Makine 1,2026-03-25 12:45:00+00:00,2026-03-25 14:55:00+00:00,0.81,0.432,131,True
Makine 1,2026-03-31 13:22:00+00:00,2026-03-31 14:52:00+00:00,0.81,0.512,91,True
Makine 1,2026-04-01 13:00:00+00:00,2026-04-01 14:57:00+00:00,0.81,0.475,118,False
Makine 9,2026-05-04 12:53:00+00:00,2026-05-04 14:56:00+00:00,0.807,0.454,124,True
Makine 5,2026-04-01 13:41:00+00:00,2026-04-01 14:54:00+00:00,0.807,0.549,74,False
Makine 3,2026-03-31 13:26:00+00:00,2026-03-31 14:55:00+00:00,0.803,0.505,90,True
Makine 3,2026-03-26 13:50:00+00:00,2026-03-26 14:55:00+00:00,0.802,0.649,66,False
Makine 1,2026-03-30 13:59:00+00:00,2026-03-30 14:47:00+00:00,0.802,0.771,49,True
Makine 3,2026-04-30 13:54:00+00:00,2026-04-30 14:55:00+00:00,0.797,0.732,62,False
Makine 5,2026-04-03 13:22:00+00:00,2026-04-03 14:53:00+00:00,0.793,0.562,92,True
Makine 1,2026-04-08 13:00:00+00:00,2026-04-08 14:52:00+00:00,0.792,0.47,113,True
Makine 1,2026-04-16 13:52:00+00:00,2026-04-16 14:56:00+00:00,0.79,0.67,65,True
Makine 5,2026-05-07 12:29:00+00:00,2026-05-07 14:54:00+00:00,0.784,0.434,146,True
Makine 5,2026-04-22 12:12:00+00:00,2026-04-22 14:56:00+00:00,0.783,0.434,165,True
Makine 5,2026-05-05 10:07:00+00:00,2026-05-05 14:54:00+00:00,0.783,0.369,272,True
Makine 5,2026-04-02 13:45:00+00:00,2026-04-02 14:34:00+00:00,0.783,0.533,50,True
Makine 9,2026-02-06 13:40:00+00:00,2026-02-06 14:55:00+00:00,0.783,0.597,76,False
Makine 1,2026-04-22 12:52:00+00:00,2026-04-22 14:53:00+00:00,0.782,0.442,122,True
Makine 1,2026-04-30 13:58:00+00:00,2026-04-30 14:56:00+00:00,0.782,0.65,59,True
Makine 5,2026-05-08 12:29:00+00:00,2026-05-08 14:43:00+00:00,0.782,0.442,135,True
Makine 1,2026-03-24 13:08:00+00:00,2026-03-24 14:56:00+00:00,0.779,0.441,93,True
Makine 1,2026-04-28 14:00:00+00:00,2026-04-28 14:53:00+00:00,0.779,0.673,54,True
Makine 3,2026-04-22 14:00:00+00:00,2026-04-22 14:52:00+00:00,0.779,0.762,53,True
Makine 5,2026-04-29 10:07:00+00:00,2026-04-29 14:59:00+00:00,0.778,0.374,293,False
Makine 1,2026-05-13 13:49:00+00:00,2026-05-13 14:56:00+00:00,0.776,0.57,68,True
Makine 1,2026-04-13 13:09:00+00:00,2026-04-13 14:48:00+00:00,0.776,0.45,100,True
Makine 5,2026-04-27 12:27:00+00:00,2026-04-27 14:55:00+00:00,0.775,0.508,134,True
Makine 3,2026-04-07 13:43:00+00:00,2026-04-07 14:56:00+00:00,0.774,0.611,74,True
Makine 1,2026-03-26 13:32:00+00:00,2026-03-26 14:55:00+00:00,0.772,0.508,84,False
Makine 3,2026-04-08 14:00:00+00:00,2026-04-08 14:53:00+00:00,0.768,0.683,54,False
Makine 1,2026-04-09 12:51:00+00:00,2026-04-09 14:53:00+00:00,0.767,0.433,123,True
Makine 1,2026-05-15 13:03:00+00:00,2026-05-15 14:44:00+00:00,0.767,0.4,102,True
Makine 5,2026-05-12 12:28:00+00:00,2026-05-12 14:53:00+00:00,0.762,0.404,146,False
Makine 5,2026-05-04 12:43:00+00:00,2026-05-04 14:56:00+00:00,0.761,0.453,134,False
Makine 3,2026-04-01 13:26:00+00:00,2026-04-01 14:54:00+00:00,0.759,0.521,89,True
Makine 3,2026-04-27 12:54:00+00:00,2026-04-27 14:54:00+00:00,0.758,0.454,121,False
Makine 3,2026-03-27 13:59:00+00:00,2026-03-27 14:54:00+00:00,0.754,0.667,56,False
Makine 5,2026-05-11 11:37:00+00:00,2026-05-11 14:53:00+00:00,0.753,0.409,182,True
Makine 1,2026-05-06 13:52:00+00:00,2026-05-06 14:54:00+00:00,0.753,0.655,63,True
Makine 5,2026-04-30 12:30:00+00:00,2026-04-30 14:54:00+00:00,0.752,0.443,145,False
Makine 5,2026-04-08 12:53:00+00:00,2026-04-08 14:55:00+00:00,0.746,0.431,123,False
Makine 9,2026-04-29 13:24:00+00:00,2026-04-29 14:45:00+00:00,0.742,0.442,81,True
Makine 1,2026-05-12 14:00:00+00:00,2026-05-12 14:50:00+00:00,0.733,0.646,51,True
Makine 1,2026-04-15 13:41:00+00:00,2026-04-15 14:56:00+00:00,0.732,0.593,76,True
Makine 9,2026-04-27 07:18:00+00:00,2026-04-27 08:10:00+00:00,0.732,0.54,53,True
Makine 1,2026-05-21 13:49:00+00:00,2026-05-21 14:54:00+00:00,0.729,0.634,66,True
Makine 1,2026-05-04 13:52:00+00:00,2026-05-04 14:54:00+00:00,0.729,0.554,63,True
Makine 9,2026-04-20 06:35:00+00:00,2026-04-20 08:38:00+00:00,0.727,0.411,107,True
Makine 1,2026-04-17 13:52:00+00:00,2026-04-17 14:56:00+00:00,0.719,0.647,65,True
Makine 9,2026-03-26 12:41:00+00:00,2026-03-26 14:50:00+00:00,0.711,0.435,130,True
Makine 3,2026-05-15 13:50:00+00:00,2026-05-15 14:22:00+00:00,0.71,0.528,33,True
Makine 5,2026-04-21 12:33:00+00:00,2026-04-21 14:43:00+00:00,0.707,0.38,131,True
Makine 9,2026-04-28 13:55:00+00:00,2026-04-28 14:31:00+00:00,0.705,0.6,37,True
Makine 1,2026-05-05 13:50:00+00:00,2026-05-05 14:56:00+00:00,0.702,0.61,67,True
Makine 9,2026-02-09 14:10:00+00:00,2026-02-09 15:02:00+00:00,0.697,0.604,53,False
Makine 3,2026-05-07 13:11:00+00:00,2026-05-07 14:53:00+00:00,0.697,0.422,103,True
Makine 9,2026-04-29 07:28:00+00:00,2026-04-29 09:09:00+00:00,0.693,0.354,102,True
Makine 5,2026-04-10 13:20:00+00:00,2026-04-10 14:48:00+00:00,0.69,0.427,89,True
Makine 9,2026-04-27 14:00:00+00:00,2026-04-27 14:55:00+00:00,0.689,0.552,56,True
Makine 3,2026-05-05 14:00:00+00:00,2026-05-05 14:53:00+00:00,0.688,0.652,54,False
Makine 9,2026-05-06 13:39:00+00:00,2026-05-06 14:57:00+00:00,0.68,0.502,79,True
Makine 9,2026-05-05 13:02:00+00:00,2026-05-05 14:40:00+00:00,0.68,0.42,99,True
Makine 3,2026-05-13 14:00:00+00:00,2026-05-13 14:55:00+00:00,0.679,0.612,56,False
Makine 9,2026-01-29 13:06:00+00:00,2026-01-29 14:55:00+00:00,0.676,0.409,110,True
Makine 5,2026-04-20 12:31:00+00:00,2026-04-20 14:45:00+00:00,0.676,0.378,117,True
Makine 1,2026-05-07 13:54:00+00:00,2026-05-07 14:51:00+00:00,0.675,0.578,58,True
Makine 5,2026-03-25 12:32:00+00:00,2026-03-25 14:23:00+00:00,0.675,0.277,112,True
Makine 1,2026-05-20 13:00:00+00:00,2026-05-20 14:53:00+00:00,0.673,0.432,114,True
Makine 5,2026-03-13 14:00:00+00:00,2026-03-13 14:06:00+00:00,0.671,0.631,7,True
Makine 9,2026-04-14 13:45:00+00:00,2026-04-14 14:26:00+00:00,0.669,0.472,42,True
Makine 9,2026-02-11 12:59:00+00:00,2026-02-11 14:55:00+00:00,0.669,0.426,117,True
Makine 5,2026-03-27 11:28:00+00:00,2026-03-27 14:50:00+00:00,0.667,0.281,203,True
Makine 9,2026-01-30 14:00:00+00:00,2026-01-30 14:56:00+00:00,0.665,0.559,57,False
Makine 5,2026-04-13 14:00:00+00:00,2026-04-13 14:49:00+00:00,0.665,0.622,50,True
Makine 9,2026-04-27 08:37:00+00:00,2026-04-27 09:04:00+00:00,0.663,0.481,28,True
Makine 2,2026-04-06 12:38:00+00:00,2026-04-06 14:52:00+00:00,0.662,0.251,135,False
Makine 5,2026-04-06 11:56:00+00:00,2026-04-06 14:38:00+00:00,0.66,0.328,147,True
Makine 1,2026-04-21 14:00:00+00:00,2026-04-21 14:51:00+00:00,0.658,0.584,52,True
Makine 3,2026-03-30 13:21:00+00:00,2026-03-30 14:51:00+00:00,0.658,0.453,91,True
Makine 3,2026-04-17 14:00:00+00:00,2026-04-17 14:53:00+00:00,0.656,0.62,54,False
Makine 5,2026-04-07 13:53:00+00:00,2026-04-07 14:54:00+00:00,0.656,0.512,43,True
Makine 5,2026-04-28 13:00:00+00:00,2026-04-28 14:43:00+00:00,0.655,0.423,104,True
Makine 9,2026-03-31 13:57:00+00:00,2026-03-31 14:51:00+00:00,0.654,0.545,55,True
Makine 5,2026-03-26 11:51:00+00:00,2026-03-26 14:52:00+00:00,0.653,0.308,182,False
Makine 5,2026-04-16 14:00:00+00:00,2026-04-16 14:56:00+00:00,0.653,0.512,57,False
Makine 9,2026-04-20 09:04:00+00:00,2026-04-20 09:26:00+00:00,0.65,0.502,23,True
Makine 5,2026-05-06 10:20:00+00:00,2026-05-06 14:51:00+00:00,0.639,0.331,257,True
Makine 3,2026-05-21 12:56:00+00:00,2026-05-21 14:54:00+00:00,0.639,0.396,119,True
Makine 3,2026-04-10 13:44:00+00:00,2026-04-10 14:06:00+00:00,0.636,0.32,23,True
Makine 3,2026-04-16 12:37:00+00:00,2026-04-16 14:46:00+00:00,0.633,0.314,129,True
Makine 1,2026-05-11 14:00:00+00:00,2026-05-11 14:55:00+00:00,0.633,0.585,56,True
Makine 5,2026-03-31 12:30:00+00:00,2026-03-31 14:51:00+00:00,0.633,0.323,142,True
Makine 9,2026-01-30 04:58:00+00:00,2026-01-30 11:56:00+00:00,0.631,0.318,419,True
Makine 3,2026-04-06 12:35:00+00:00,2026-04-06 14:53:00+00:00,0.628,0.363,139,False
Makine 3,2026-05-04 13:47:00+00:00,2026-05-04 14:55:00+00:00,0.626,0.544,69,False
Makine 5,2026-04-17 11:32:00+00:00,2026-04-17 14:53:00+00:00,0.626,0.334,185,True
Makine 2,2026-04-20 14:01:00+00:00,2026-04-20 14:55:00+00:00,0.625,0.226,55,False
Makine 5,2026-05-20 14:00:00+00:00,2026-05-20 14:55:00+00:00,0.624,0.525,56,False
Makine 3,2026-05-20 14:00:00+00:00,2026-05-20 14:55:00+00:00,0.623,0.582,56,False
Makine 3,2026-04-13 14:00:00+00:00,2026-04-13 14:57:00+00:00,0.622,0.548,58,False
Makine 5,2026-05-13 14:00:00+00:00,2026-05-13 14:54:00+00:00,0.622,0.525,55,False
Makine 3,2026-04-02 13:05:00+00:00,2026-04-02 14:56:00+00:00,0.619,0.4,112,False
Makine 3,2026-03-25 13:19:00+00:00,2026-03-25 14:56:00+00:00,0.608,0.437,98,False
Makine 1,2026-04-20 14:00:00+00:00,2026-04-20 14:53:00+00:00,0.606,0.581,54,True
Makine 5,2026-04-15 13:36:00+00:00,2026-04-15 14:10:00+00:00,0.605,0.332,35,True
Makine 9,2026-04-30 14:11:00+00:00,2026-04-30 14:54:00+00:00,0.601,0.512,44,False
Makine 9,2026-04-27 09:25:00+00:00,2026-04-27 11:49:00+00:00,0.6,0.362,145,True
Makine 3,2026-03-24 14:00:00+00:00,2026-03-24 14:54:00+00:00,0.595,0.534,54,False
Makine 3,2026-04-09 14:00:00+00:00,2026-04-09 14:48:00+00:00,0.591,0.544,49,True
Makine 2,2026-04-17 14:13:00+00:00,2026-04-17 14:39:00+00:00,0.591,0.397,27,False
Makine 9,2026-02-05 12:33:00+00:00,2026-02-05 12:55:00+00:00,0.59,0.459,23,True
Makine 3,2026-05-08 14:41:00+00:00,2026-05-08 14:53:00+00:00,0.589,0.553,13,False
Makine 9,2026-03-02 10:28:00+00:00,2026-03-02 11:25:00+00:00,0.588,0.338,58,True
Makine 3,2026-04-21 14:17:00+00:00,2026-04-21 14:54:00+00:00,0.588,0.524,38,False
Makine 2,2026-04-28 14:11:00+00:00,2026-04-28 14:57:00+00:00,0.586,0.197,47,False
Makine 9,2026-04-29 10:04:00+00:00,2026-04-29 12:58:00+00:00,0.584,0.387,157,True
Makine 9,2026-03-30 14:00:00+00:00,2026-03-30 14:54:00+00:00,0.582,0.52,55,False
Makine 2,2026-05-11 14:07:00+00:00,2026-05-11 14:53:00+00:00,0.577,0.223,47,False
Makine 9,2026-02-11 10:37:00+00:00,2026-02-11 12:35:00+00:00,0.576,0.405,103,True
Makine 2,2026-04-21 14:00:00+00:00,2026-04-21 14:53:00+00:00,0.576,0.346,54,False
Makine 3,2026-04-20 14:00:00+00:00,2026-04-20 14:56:00+00:00,0.571,0.516,57,False
Makine 2,2026-05-13 14:00:00+00:00,2026-05-13 14:55:00+00:00,0.568,0.217,56,False
Makine 3,2026-04-06 11:09:00+00:00,2026-04-06 12:13:00+00:00,0.565,0.324,65,True
Makine 3,2026-05-12 12:05:00+00:00,2026-05-12 14:56:00+00:00,0.564,0.278,172,True
Makine 3,2026-05-14 14:00:00+00:00,2026-05-14 14:54:00+00:00,0.563,0.504,55,True
Makine 2,2026-05-20 14:00:00+00:00,2026-05-20 14:53:00+00:00,0.562,0.231,54,False
Makine 9,2026-03-11 04:45:00+00:00,2026-03-11 10:46:00+00:00,0.561,0.386,362,True
Makine 5,2026-05-15 14:00:00+00:00,2026-05-15 14:47:00+00:00,0.56,0.51,48,False
Makine 5,2026-04-09 14:13:00+00:00,2026-04-09 14:49:00+00:00,0.557,0.493,21,True
Makine 9,2026-04-20 10:09:00+00:00,2026-04-20 11:13:00+00:00,0.556,0.268,65,False
Makine 3,2026-04-14 11:56:00+00:00,2026-04-14 14:52:00+00:00,0.556,0.319,177,True
Makine 5,2026-03-30 12:43:00+00:00,2026-03-30 14:53:00+00:00,0.553,0.3,131,True
Makine 9,2026-02-05 13:16:00+00:00,2026-02-05 14:01:00+00:00,0.553,0.33,46,True
Makine 9,2026-02-23 06:54:00+00:00,2026-02-23 07:54:00+00:00,0.549,0.319,43,True
Makine 5,2026-05-14 14:00:00+00:00,2026-05-14 14:53:00+00:00,0.549,0.491,54,False
Makine 2,2026-04-10 14:09:00+00:00,2026-04-10 14:53:00+00:00,0.549,0.194,45,False
Makine 2,2026-04-08 14:00:00+00:00,2026-04-08 14:57:00+00:00,0.545,0.398,58,False
Makine 3,2026-04-15 14:00:00+00:00,2026-04-15 14:55:00+00:00,0.544,0.46,56,False
Makine 2,2026-03-31 14:00:00+00:00,2026-03-31 14:54:00+00:00,0.543,0.234,55,False
Makine 2,2026-05-08 13:52:00+00:00,2026-05-08 14:55:00+00:00,0.541,0.25,64,False
Makine 9,2026-02-05 14:27:00+00:00,2026-02-05 14:51:00+00:00,0.539,0.487,25,True
Makine 2,2026-05-07 14:05:00+00:00,2026-05-07 14:54:00+00:00,0.538,0.202,50,True
Makine 5,2026-05-21 14:00:00+00:00,2026-05-21 14:53:00+00:00,0.537,0.495,54,True
Makine 5,2026-03-24 12:41:00+00:00,2026-03-24 14:55:00+00:00,0.533,0.345,135,True
Makine 9,2026-04-14 14:50:00+00:00,2026-04-14 14:54:00+00:00,0.53,0.491,5,True
Makine 1,2026-04-27 14:05:00+00:00,2026-04-27 14:38:00+00:00,0.529,0.431,34,True
Makine 5,2026-05-11 06:33:00+00:00,2026-05-11 09:20:00+00:00,0.527,0.271,153,True
Makine 2,2026-05-21 14:00:00+00:00,2026-05-21 14:53:00+00:00,0.525,0.215,54,False
Makine 9,2026-03-05 10:11:00+00:00,2026-03-05 11:45:00+00:00,0.524,0.378,95,True
Makine 2,2026-04-27 14:00:00+00:00,2026-04-27 14:56:00+00:00,0.523,0.304,57,False
Makine 9,2026-02-02 10:51:00+00:00,2026-02-02 14:54:00+00:00,0.52,0.277,244,True
Makine 9,2026-02-05 10:32:00+00:00,2026-02-05 11:40:00+00:00,0.519,0.446,69,True
Makine 1,2026-05-22 10:01:00+00:00,2026-05-22 12:34:00+00:00,0.515,0.262,154,True
Makine 2,2026-04-13 13:17:00+00:00,2026-04-13 14:51:00+00:00,0.512,0.266,95,True
Makine 9,2026-04-27 05:50:00+00:00,2026-04-27 06:08:00+00:00,0.508,0.344,19,True
Makine 3,2026-05-11 13:15:00+00:00,2026-05-11 14:04:00+00:00,0.507,0.282,50,True
Makine 2,2026-04-01 14:38:00+00:00,2026-04-01 14:53:00+00:00,0.506,0.259,16,False
Makine 2,2026-04-15 14:13:00+00:00,2026-04-15 14:52:00+00:00,0.499,0.164,40,False
Makine 9,2026-02-23 10:29:00+00:00,2026-02-23 11:41:00+00:00,0.499,0.328,73,False
Makine 3,2026-05-06 10:12:00+00:00,2026-05-06 14:10:00+00:00,0.498,0.323,186,True
Makine 9,2026-03-17 05:26:00+00:00,2026-03-17 06:19:00+00:00,0.497,0.297,54,True
Makine 9,2026-04-28 10:04:00+00:00,2026-04-28 12:58:00+00:00,0.497,0.355,175,True
Makine 2,2026-04-07 14:00:00+00:00,2026-04-07 14:57:00+00:00,0.493,0.316,58,False
Makine 2,2026-05-05 14:00:00+00:00,2026-05-05 14:54:00+00:00,0.493,0.147,55,False
Makine 5,2026-04-15 14:36:00+00:00,2026-04-15 14:48:00+00:00,0.492,0.471,13,True
Makine 9,2026-03-02 06:20:00+00:00,2026-03-02 07:00:00+00:00,0.491,0.342,41,True
Makine 9,2026-04-13 09:49:00+00:00,2026-04-13 12:09:00+00:00,0.476,0.33,126,True
Makine 2,2026-04-09 14:00:00+00:00,2026-04-09 14:50:00+00:00,0.471,0.208,51,False
Makine 3,2026-05-14 05:10:00+00:00,2026-05-14 05:59:00+00:00,0.464,0.319,50,True
Makine 2,2026-03-30 14:00:00+00:00,2026-03-30 14:51:00+00:00,0.463,0.45,52,False
Makine 3,2026-04-22 10:18:00+00:00,2026-04-22 12:04:00+00:00,0.462,0.265,107,True
Makine 5,2026-04-20 10:28:00+00:00,2026-04-20 12:03:00+00:00,0.46,0.335,96,True
Makine 2,2026-03-26 14:00:00+00:00,2026-03-26 14:49:00+00:00,0.459,0.221,50,False
Makine 9,2026-04-29 05:52:00+00:00,2026-04-29 06:43:00+00:00,0.457,0.388,52,True
Makine 2,2026-04-29 13:45:00+00:00,2026-04-29 14:57:00+00:00,0.454,0.223,73,False
Makine 5,2026-04-30 07:14:00+00:00,2026-04-30 08:29:00+00:00,0.45,0.286,76,True
Makine 1,2026-04-27 12:36:00+00:00,2026-04-27 13:41:00+00:00,0.446,0.284,66,True
Makine 3,2026-05-11 14:27:00+00:00,2026-05-11 14:52:00+00:00,0.445,0.399,26,True
Makine 9,2026-02-05 12:06:00+00:00,2026-02-05 12:09:00+00:00,0.445,0.395,4,True
Makine 5,2026-03-24 10:28:00+00:00,2026-03-24 12:11:00+00:00,0.444,0.275,104,True
Makine 2,2026-05-12 14:03:00+00:00,2026-05-12 14:52:00+00:00,0.439,0.152,50,False
Makine 2,2026-04-14 14:14:00+00:00,2026-04-14 14:50:00+00:00,0.439,0.207,37,False
Makine 2,2026-03-25 14:02:00+00:00,2026-03-25 14:40:00+00:00,0.433,0.324,39,True
Makine 3,2026-03-10 05:00:00+00:00,2026-03-10 09:22:00+00:00,0.43,0.242,263,True
Makine 5,2026-04-02 11:57:00+00:00,2026-04-02 13:10:00+00:00,0.428,0.322,74,False
Makine 3,2026-05-11 12:05:00+00:00,2026-05-11 12:10:00+00:00,0.428,0.28,6,True
Makine 1,2026-04-13 11:11:00+00:00,2026-04-13 12:41:00+00:00,0.427,0.317,73,True
Makine 1,2026-03-17 10:10:00+00:00,2026-03-17 11:53:00+00:00,0.426,0.298,104,True
Makine 1,2026-03-17 08:43:00+00:00,2026-03-17 09:00:00+00:00,0.426,0.299,18,True
Makine 5,2026-05-08 11:48:00+00:00,2026-05-08 12:08:00+00:00,0.426,0.354,21,True
Makine 9,2026-04-30 12:08:00+00:00,2026-04-30 13:30:00+00:00,0.424,0.262,50,True
Makine 3,2026-03-26 10:58:00+00:00,2026-03-26 11:32:00+00:00,0.423,0.314,35,False
Makine 5,2026-04-01 05:30:00+00:00,2026-04-01 06:08:00+00:00,0.419,0.331,39,True
Makine 9,2026-03-26 10:12:00+00:00,2026-03-26 12:10:00+00:00,0.415,0.35,119,True
Makine 9,2026-03-05 06:02:00+00:00,2026-03-05 08:51:00+00:00,0.415,0.23,170,True
Makine 3,2026-05-15 04:50:00+00:00,2026-05-15 06:12:00+00:00,0.414,0.279,83,False
Makine 9,2026-02-03 06:15:00+00:00,2026-02-03 07:38:00+00:00,0.414,0.239,84,False
Makine 2,2026-03-27 14:01:00+00:00,2026-03-27 14:51:00+00:00,0.414,0.145,51,False
Makine 2,2026-03-12 07:59:00+00:00,2026-03-12 12:00:00+00:00,0.413,0.195,242,False
Makine 5,2026-04-28 10:28:00+00:00,2026-04-28 11:32:00+00:00,0.413,0.287,65,True
Makine 3,2026-05-06 14:35:00+00:00,2026-05-06 14:46:00+00:00,0.413,0.372,12,True
Makine 9,2026-03-02 08:56:00+00:00,2026-03-02 09:22:00+00:00,0.412,0.29,27,True
Makine 5,2026-04-30 09:01:00+00:00,2026-04-30 09:26:00+00:00,0.41,0.318,26,True
Makine 1,2026-03-31 09:46:00+00:00,2026-03-31 10:54:00+00:00,0.404,0.269,69,False
Makine 5,2026-05-04 07:06:00+00:00,2026-05-04 09:25:00+00:00,0.401,0.263,121,True
Makine 2,2026-05-14 14:39:00+00:00,2026-05-14 14:54:00+00:00,0.4,0.279,16,False
Makine 9,2026-04-20 05:14:00+00:00,2026-04-20 06:10:00+00:00,0.398,0.276,57,True
Makine 5,2026-05-12 10:59:00+00:00,2026-05-12 11:59:00+00:00,0.397,0.344,61,True
Makine 5,2026-04-21 06:32:00+00:00,2026-04-21 09:05:00+00:00,0.397,0.254,154,True
Makine 5,2026-04-28 07:33:00+00:00,2026-04-28 09:04:00+00:00,0.397,0.281,76,True
Makine 3,2026-03-25 12:39:00+00:00,2026-03-25 12:49:00+00:00,0.397,0.33,11,True
Makine 3,2026-04-20 10:43:00+00:00,2026-04-20 13:37:00+00:00,0.394,0.247,175,False
Makine 1,2026-04-28 11:05:00+00:00,2026-04-28 13:32:00+00:00,0.393,0.259,148,False
Makine 2,2026-04-02 13:24:00+00:00,2026-04-02 14:03:00+00:00,0.393,0.188,40,True
Makine 2,2026-03-24 14:13:00+00:00,2026-03-24 14:47:00+00:00,0.391,0.188,35,False
Makine 5,2026-04-30 10:09:00+00:00,2026-04-30 12:00:00+00:00,0.39,0.255,112,True
Makine 5,2026-04-03 11:35:00+00:00,2026-04-03 12:02:00+00:00,0.389,0.27,28,True
Makine 3,2026-03-09 06:15:00+00:00,2026-03-09 13:25:00+00:00,0.389,0.216,431,True
Makine 9,2026-04-21 05:00:00+00:00,2026-04-21 06:15:00+00:00,0.388,0.307,76,False
Makine 9,2026-05-05 11:28:00+00:00,2026-05-05 12:03:00+00:00,0.386,0.276,36,False
Makine 3,2026-04-21 12:56:00+00:00,2026-04-21 13:48:00+00:00,0.385,0.251,53,True
Makine 3,2026-04-01 07:05:00+00:00,2026-04-01 08:39:00+00:00,0.384,0.244,95,False
Makine 9,2026-03-02 12:15:00+00:00,2026-03-02 12:26:00+00:00,0.382,0.272,12,False
Makine 2,2026-05-06 14:34:00+00:00,2026-05-06 14:51:00+00:00,0.381,0.217,18,False
Makine 3,2026-03-25 10:05:00+00:00,2026-03-25 12:13:00+00:00,0.381,0.269,113,True
Makine 9,2026-02-24 11:57:00+00:00,2026-02-24 12:54:00+00:00,0.379,0.252,58,True
Makine 5,2026-04-07 11:58:00+00:00,2026-04-07 13:19:00+00:00,0.378,0.245,82,True
Makine 9,2026-04-30 08:39:00+00:00,2026-04-30 09:15:00+00:00,0.378,0.235,37,True
Makine 9,2026-02-10 13:46:00+00:00,2026-02-10 13:55:00+00:00,0.377,0.33,10,True
Makine 2,2026-04-16 14:51:00+00:00,2026-04-16 14:54:00+00:00,0.376,0.376,4,True
Makine 5,2026-05-08 08:27:00+00:00,2026-05-08 09:23:00+00:00,0.376,0.222,57,True
Makine 2,2026-04-08 08:25:00+00:00,2026-04-08 09:10:00+00:00,0.376,0.2,46,False
Makine 5,2026-04-14 06:09:00+00:00,2026-04-14 07:11:00+00:00,0.37,0.216,63,False
Makine 1,2026-04-07 06:56:00+00:00,2026-04-07 07:05:00+00:00,0.369,0.284,10,False
Makine 9,2026-04-14 09:56:00+00:00,2026-04-14 10:58:00+00:00,0.369,0.281,63,True
Makine 5,2026-04-22 05:21:00+00:00,2026-04-22 05:59:00+00:00,0.369,0.244,39,True
Makine 3,2026-03-26 06:40:00+00:00,2026-03-26 09:38:00+00:00,0.368,0.261,157,True
Makine 1,2026-05-08 14:18:00+00:00,2026-05-08 14:56:00+00:00,0.367,0.345,39,False
Makine 3,2026-03-26 05:39:00+00:00,2026-03-26 06:14:00+00:00,0.366,0.222,36,True
Makine 3,2026-05-22 07:35:00+00:00,2026-05-22 08:55:00+00:00,0.365,0.259,81,False
Makine 3,2026-03-12 07:58:00+00:00,2026-03-12 09:07:00+00:00,0.364,0.234,70,False
Makine 2,2026-04-02 07:15:00+00:00,2026-04-02 09:07:00+00:00,0.364,0.199,113,False
Makine 5,2026-04-22 07:44:00+00:00,2026-04-22 09:01:00+00:00,0.364,0.271,78,True
Makine 1,2026-05-15 04:50:00+00:00,2026-05-15 06:04:00+00:00,0.363,0.233,75,True
Makine 1,2026-04-17 05:44:00+00:00,2026-04-17 06:15:00+00:00,0.363,0.265,32,False
Makine 9,2026-04-30 10:08:00+00:00,2026-04-30 11:35:00+00:00,0.363,0.252,88,True
Makine 3,2026-03-13 11:03:00+00:00,2026-03-13 12:22:00+00:00,0.362,0.226,79,True
Makine 5,2026-04-03 06:41:00+00:00,2026-04-03 06:50:00+00:00,0.361,0.295,10,False
Makine 5,2026-05-12 06:33:00+00:00,2026-05-12 07:17:00+00:00,0.361,0.264,45,False
Makine 3,2026-04-21 11:11:00+00:00,2026-04-21 12:18:00+00:00,0.361,0.286,68,False
Makine 3,2026-04-30 12:28:00+00:00,2026-04-30 13:05:00+00:00,0.36,0.281,38,False
Makine 3,2026-04-15 05:07:00+00:00,2026-04-15 06:00:00+00:00,0.358,0.247,54,False
Makine 5,2026-05-12 08:25:00+00:00,2026-05-12 09:20:00+00:00,0.358,0.303,56,True
Makine 2,2026-03-16 07:44:00+00:00,2026-03-16 08:46:00+00:00,0.358,0.233,63,True
Makine 5,2026-05-07 07:27:00+00:00,2026-05-07 09:21:00+00:00,0.357,0.254,115,True
Makine 3,2026-04-27 09:07:00+00:00,2026-04-27 09:34:00+00:00,0.357,0.258,28,True
Makine 5,2026-04-08 11:20:00+00:00,2026-04-08 12:03:00+00:00,0.356,0.286,44,True
Makine 3,2026-03-13 08:14:00+00:00,2026-03-13 10:07:00+00:00,0.356,0.22,114,False
Makine 5,2026-05-07 10:33:00+00:00,2026-05-07 11:53:00+00:00,0.356,0.228,81,True
Makine 5,2026-05-04 09:59:00+00:00,2026-05-04 11:07:00+00:00,0.356,0.233,69,True
Makine 2,2026-04-30 12:38:00+00:00,2026-04-30 14:47:00+00:00,0.355,0.168,130,False
Makine 9,2026-03-17 06:55:00+00:00,2026-03-17 07:29:00+00:00,0.354,0.226,35,True
Makine 9,2026-04-17 05:06:00+00:00,2026-04-17 05:57:00+00:00,0.354,0.245,52,True
Makine 5,2026-05-11 10:07:00+00:00,2026-05-11 10:30:00+00:00,0.353,0.273,24,True
Makine 5,2026-04-21 10:18:00+00:00,2026-04-21 11:09:00+00:00,0.353,0.296,35,True
Makine 1,2026-03-17 12:14:00+00:00,2026-03-17 13:25:00+00:00,0.352,0.255,72,True
Makine 1,2026-04-09 11:18:00+00:00,2026-04-09 11:43:00+00:00,0.352,0.261,26,False
Makine 5,2026-04-29 07:10:00+00:00,2026-04-29 08:28:00+00:00,0.347,0.249,61,True
Makine 2,2026-04-14 05:03:00+00:00,2026-04-14 06:10:00+00:00,0.346,0.237,68,False
Makine 2,2026-05-05 11:44:00+00:00,2026-05-05 13:17:00+00:00,0.346,0.213,93,False
Makine 9,2026-03-24 05:12:00+00:00,2026-03-24 06:15:00+00:00,0.345,0.268,64,False
Makine 2,2026-03-06 04:50:00+00:00,2026-03-06 08:26:00+00:00,0.344,0.208,217,False
Makine 9,2026-03-04 11:06:00+00:00,2026-03-04 12:01:00+00:00,0.343,0.235,56,True
Makine 3,2026-05-07 07:10:00+00:00,2026-05-07 09:18:00+00:00,0.343,0.239,129,False
Makine 5,2026-04-02 10:07:00+00:00,2026-04-02 11:01:00+00:00,0.343,0.238,55,True
Makine 9,2026-03-04 12:49:00+00:00,2026-03-04 13:15:00+00:00,0.342,0.245,27,True
Makine 3,2026-03-11 05:54:00+00:00,2026-03-11 06:30:00+00:00,0.342,0.249,37,False
Makine 5,2026-05-05 08:23:00+00:00,2026-05-05 09:10:00+00:00,0.341,0.221,48,True
Makine 3,2026-05-11 04:59:00+00:00,2026-05-11 05:58:00+00:00,0.341,0.247,60,True
Makine 1,2026-04-06 09:51:00+00:00,2026-04-06 10:07:00+00:00,0.34,0.229,17,False
Makine 5,2026-04-20 07:44:00+00:00,2026-04-20 09:02:00+00:00,0.34,0.247,79,True
Makine 9,2026-04-14 11:24:00+00:00,2026-04-14 13:16:00+00:00,0.34,0.245,113,True
Makine 9,2026-02-27 12:26:00+00:00,2026-02-27 13:05:00+00:00,0.338,0.223,40,True
Makine 5,2026-04-22 10:20:00+00:00,2026-04-22 11:44:00+00:00,0.338,0.248,85,False
Makine 5,2026-03-24 05:24:00+00:00,2026-03-24 08:08:00+00:00,0.335,0.233,165,True
Makine 5,2026-04-29 08:55:00+00:00,2026-04-29 09:17:00+00:00,0.332,0.275,23,True
Makine 9,2026-02-23 08:26:00+00:00,2026-02-23 08:30:00+00:00,0.331,0.271,5,True
Makine 1,2026-04-27 10:47:00+00:00,2026-04-27 12:05:00+00:00,0.331,0.211,79,True
Makine 2,2026-04-22 14:06:00+00:00,2026-04-22 14:55:00+00:00,0.331,0.181,50,False
Makine 5,2026-05-12 10:01:00+00:00,2026-05-12 10:09:00+00:00,0.328,0.256,9,False
Makine 3,2026-05-07 10:30:00+00:00,2026-05-07 11:48:00+00:00,0.323,0.246,79,False
Makine 5,2026-04-01 10:04:00+00:00,2026-04-01 11:13:00+00:00,0.323,0.231,70,False
Makine 5,2026-05-08 06:44:00+00:00,2026-05-08 07:38:00+00:00,0.323,0.238,55,False
Makine 9,2026-01-30 12:53:00+00:00,2026-01-30 13:29:00+00:00,0.322,0.201,37,False
Makine 9,2026-02-23 09:04:00+00:00,2026-02-23 09:17:00+00:00,0.322,0.286,14,True
Makine 9,2026-03-06 06:31:00+00:00,2026-03-06 08:46:00+00:00,0.322,0.243,136,False
Makine 5,2026-04-14 07:50:00+00:00,2026-04-14 08:53:00+00:00,0.322,0.244,64,False
Makine 1,2026-05-13 09:59:00+00:00,2026-05-13 10:17:00+00:00,0.321,0.28,19,False
Makine 3,2026-05-22 05:00:00+00:00,2026-05-22 06:42:00+00:00,0.321,0.215,103,True
Makine 3,2026-05-11 11:02:00+00:00,2026-05-11 11:32:00+00:00,0.32,0.272,14,True
Makine 5,2026-04-27 09:05:00+00:00,2026-04-27 09:22:00+00:00,0.319,0.253,18,True
Makine 1,2026-03-06 11:58:00+00:00,2026-03-06 13:24:00+00:00,0.318,0.223,87,False
Makine 3,2026-04-15 12:37:00+00:00,2026-04-15 13:32:00+00:00,0.317,0.256,56,False
Makine 9,2026-05-05 10:01:00+00:00,2026-05-05 10:31:00+00:00,0.316,0.212,31,False
Makine 9,2026-04-27 06:31:00+00:00,2026-04-27 06:41:00+00:00,0.314,0.238,11,True
Makine 9,2026-04-14 06:33:00+00:00,2026-04-14 07:42:00+00:00,0.313,0.204,70,False
Makine 5,2026-04-08 08:17:00+00:00,2026-04-08 09:13:00+00:00,0.313,0.252,42,True
Makine 3,2026-05-12 05:03:00+00:00,2026-05-12 06:11:00+00:00,0.313,0.223,69,True
Makine 2,2026-03-02 08:30:00+00:00,2026-03-02 09:18:00+00:00,0.313,0.215,34,True
Makine 5,2026-03-30 08:59:00+00:00,2026-03-30 09:26:00+00:00,0.312,0.169,28,False
Makine 9,2026-03-31 11:41:00+00:00,2026-03-31 12:08:00+00:00,0.312,0.211,28,False
Makine 5,2026-03-31 10:32:00+00:00,2026-03-31 11:20:00+00:00,0.31,0.202,49,True
Makine 1,2026-04-28 08:57:00+00:00,2026-04-28 09:28:00+00:00,0.309,0.243,32,True
Makine 3,2026-05-06 08:31:00+00:00,2026-05-06 08:39:00+00:00,0.308,0.239,9,True
Makine 3,2026-03-13 12:56:00+00:00,2026-03-13 13:20:00+00:00,0.307,0.221,25,True
Makine 5,2026-03-27 05:20:00+00:00,2026-03-27 06:00:00+00:00,0.307,0.231,41,False
Makine 5,2026-04-15 10:44:00+00:00,2026-04-15 13:05:00+00:00,0.306,0.214,142,False
Makine 3,2026-04-22 07:13:00+00:00,2026-04-22 07:33:00+00:00,0.305,0.278,21,True
Makine 3,2026-04-28 07:30:00+00:00,2026-04-28 07:57:00+00:00,0.305,0.24,28,False
Makine 3,2026-04-29 07:36:00+00:00,2026-04-29 08:03:00+00:00,0.305,0.243,28,False
Makine 9,2026-03-18 08:24:00+00:00,2026-03-18 08:52:00+00:00,0.305,0.221,29,False
Makine 3,2026-05-11 07:44:00+00:00,2026-05-11 09:20:00+00:00,0.305,0.245,96,True
Makine 1,2026-05-22 08:58:00+00:00,2026-05-22 09:11:00+00:00,0.304,0.26,14,False
Makine 3,2026-04-30 10:02:00+00:00,2026-04-30 10:32:00+00:00,0.301,0.219,31,True
Makine 9,2026-03-27 05:06:00+00:00,2026-03-27 06:09:00+00:00,0.301,0.209,64,False
Makine 9,2026-02-10 10:47:00+00:00,2026-02-10 11:10:00+00:00,0.301,0.229,24,True
Makine 3,2026-04-22 12:33:00+00:00,2026-04-22 13:16:00+00:00,0.3,0.217,44,False
Makine 9,2026-02-05 08:48:00+00:00,2026-02-05 09:26:00+00:00,0.3,0.238,39,True
Makine 5,2026-04-20 04:56:00+00:00,2026-04-20 06:55:00+00:00,0.3,0.226,120,True
Makine 2,2026-02-26 11:28:00+00:00,2026-02-26 12:42:00+00:00,0.299,0.174,75,False
Makine 3,2026-05-04 07:23:00+00:00,2026-05-04 07:55:00+00:00,0.299,0.216,33,False
Makine 5,2026-04-15 06:32:00+00:00,2026-04-15 08:34:00+00:00,0.299,0.217,123,True
Makine 5,2026-05-08 10:53:00+00:00,2026-05-08 11:22:00+00:00,0.299,0.208,30,True
Makine 9,2026-02-25 12:39:00+00:00,2026-02-25 13:26:00+00:00,0.298,0.22,48,True
Makine 3,2026-03-05 11:00:00+00:00,2026-03-05 11:36:00+00:00,0.297,0.229,37,False
Makine 5,2026-04-01 06:39:00+00:00,2026-04-01 08:11:00+00:00,0.296,0.179,93,True
Makine 5,2026-03-26 05:24:00+00:00,2026-03-26 06:12:00+00:00,0.296,0.222,49,False
Makine 5,2026-03-31 08:40:00+00:00,2026-03-31 09:23:00+00:00,0.295,0.215,44,True
Makine 1,2026-04-16 05:09:00+00:00,2026-04-16 05:44:00+00:00,0.295,0.212,36,False
Makine 2,2026-05-12 11:05:00+00:00,2026-05-12 11:28:00+00:00,0.294,0.205,24,False
Makine 5,2026-04-09 06:45:00+00:00,2026-04-09 07:12:00+00:00,0.294,0.249,28,False
Makine 3,2026-04-09 06:46:00+00:00,2026-04-09 08:51:00+00:00,0.293,0.278,126,False
Makine 3,2026-04-06 06:37:00+00:00,2026-04-06 07:02:00+00:00,0.291,0.223,26,True
Makine 3,2026-04-21 05:10:00+00:00,2026-04-21 09:22:00+00:00,0.291,0.217,234,True
Makine 9,2026-03-18 07:11:00+00:00,2026-03-18 07:54:00+00:00,0.291,0.233,44,True
Makine 3,2026-05-14 07:28:00+00:00,2026-05-14 09:07:00+00:00,0.291,0.219,100,False
Makine 5,2026-03-25 08:18:00+00:00,2026-03-25 10:21:00+00:00,0.29,0.198,124,False
Makine 1,2026-03-09 05:23:00+00:00,2026-03-09 05:56:00+00:00,0.29,0.216,34,False
Makine 3,2026-04-21 10:11:00+00:00,2026-04-21 10:39:00+00:00,0.289,0.245,29,True
Makine 1,2026-05-11 05:07:00+00:00,2026-05-11 05:36:00+00:00,0.288,0.242,30,False
Makine 5,2026-04-01 04:48:00+00:00,2026-04-01 05:01:00+00:00,0.288,0.216,14,False
Makine 9,2026-03-05 12:52:00+00:00,2026-03-05 13:24:00+00:00,0.287,0.246,33,True
Makine 3,2026-03-27 12:40:00+00:00,2026-03-27 13:17:00+00:00,0.287,0.254,38,False
Makine 1,2026-03-31 06:36:00+00:00,2026-03-31 07:06:00+00:00,0.287,0.214,31,False
Makine 2,2026-03-31 05:21:00+00:00,2026-03-31 05:35:00+00:00,0.286,0.213,15,False
Makine 3,2026-05-13 05:02:00+00:00,2026-05-13 05:40:00+00:00,0.286,0.193,39,True
Makine 5,2026-05-04 04:42:00+00:00,2026-05-04 04:48:00+00:00,0.286,0.277,7,True
Makine 3,2026-04-14 10:16:00+00:00,2026-04-14 11:24:00+00:00,0.285,0.212,69,False
Makine 2,2026-04-16 14:11:00+00:00,2026-04-16 14:30:00+00:00,0.285,0.175,20,True
Makine 2,2026-04-30 06:56:00+00:00,2026-04-30 07:11:00+00:00,0.284,0.207,16,False
Makine 5,2026-03-26 08:32:00+00:00,2026-03-26 08:55:00+00:00,0.283,0.203,24,False
Makine 9,2026-02-26 12:22:00+00:00,2026-02-26 13:25:00+00:00,0.282,0.232,64,True
Makine 3,2026-04-22 05:45:00+00:00,2026-04-22 06:48:00+00:00,0.282,0.222,49,True
Makine 3,2026-04-03 04:56:00+00:00,2026-04-03 05:07:00+00:00,0.282,0.216,12,False
Makine 9,2026-03-16 12:24:00+00:00,2026-03-16 13:25:00+00:00,0.28,0.228,62,False
Makine 2,2026-05-08 06:15:00+00:00,2026-05-08 06:51:00+00:00,0.28,0.211,37,False
Makine 2,2026-04-09 05:19:00+00:00,2026-04-09 05:47:00+00:00,0.28,0.228,28,False
Makine 9,2026-02-11 05:06:00+00:00,2026-02-11 05:56:00+00:00,0.279,0.209,51,True
Makine 9,2026-02-10 14:23:00+00:00,2026-02-10 14:38:00+00:00,0.279,0.215,16,True
Makine 5,2026-03-17 06:07:00+00:00,2026-03-17 07:23:00+00:00,0.279,0.238,77,False
Makine 2,2026-03-05 10:11:00+00:00,2026-03-05 10:59:00+00:00,0.278,0.216,49,False
Makine 9,2026-04-17 07:23:00+00:00,2026-04-17 07:46:00+00:00,0.278,0.23,24,False
Makine 3,2026-04-20 06:33:00+00:00,2026-04-20 08:29:00+00:00,0.278,0.203,117,True
Makine 1,2026-03-10 12:22:00+00:00,2026-03-10 13:24:00+00:00,0.276,0.219,63,True
Makine 5,2026-03-17 07:46:00+00:00,2026-03-17 07:57:00+00:00,0.276,0.244,12,False
Makine 1,2026-03-04 05:16:00+00:00,2026-03-04 06:15:00+00:00,0.276,0.217,60,False
Makine 5,2026-04-02 08:01:00+00:00,2026-04-02 08:16:00+00:00,0.275,0.205,16,False
Makine 5,2026-03-31 11:44:00+00:00,2026-03-31 12:08:00+00:00,0.274,0.233,25,True
Makine 1,2026-05-06 07:46:00+00:00,2026-05-06 09:05:00+00:00,0.273,0.203,80,False
Makine 2,2026-03-23 05:25:00+00:00,2026-03-23 05:44:00+00:00,0.273,0.201,20,False
Makine 9,2026-03-06 10:37:00+00:00,2026-03-06 11:17:00+00:00,0.273,0.254,41,False
Makine 2,2026-04-20 12:35:00+00:00,2026-04-20 13:33:00+00:00,0.272,0.172,59,False
Makine 1,2026-04-28 10:15:00+00:00,2026-04-28 10:27:00+00:00,0.272,0.252,13,True
Makine 3,2026-03-24 05:22:00+00:00,2026-03-24 06:13:00+00:00,0.272,0.211,52,True
Makine 5,2026-05-13 10:40:00+00:00,2026-05-13 12:06:00+00:00,0.272,0.207,87,False
Makine 1,2026-05-05 13:00:00+00:00,2026-05-05 13:27:00+00:00,0.271,0.201,28,False
Makine 9,2026-04-28 08:23:00+00:00,2026-04-28 09:19:00+00:00,0.27,0.206,57,False
Makine 3,2026-03-30 11:48:00+00:00,2026-03-30 12:35:00+00:00,0.269,0.229,30,True
Makine 5,2026-05-20 08:38:00+00:00,2026-05-20 09:03:00+00:00,0.269,0.222,26,False
Makine 1,2026-05-04 06:23:00+00:00,2026-05-04 06:35:00+00:00,0.269,0.226,13,False
Makine 1,2026-03-05 10:45:00+00:00,2026-03-05 11:50:00+00:00,0.269,0.211,66,False
Makine 5,2026-04-21 04:41:00+00:00,2026-04-21 05:36:00+00:00,0.268,0.196,37,True
Makine 5,2026-03-12 12:38:00+00:00,2026-03-12 13:25:00+00:00,0.268,0.198,48,False
Makine 3,2026-03-26 12:25:00+00:00,2026-03-26 13:01:00+00:00,0.268,0.198,37,False
Makine 9,2026-03-23 05:01:00+00:00,2026-03-23 05:08:00+00:00,0.268,0.248,8,False
Makine 1,2026-03-30 11:29:00+00:00,2026-03-30 11:47:00+00:00,0.267,0.222,19,False
Makine 1,2026-03-18 13:00:00+00:00,2026-03-18 13:24:00+00:00,0.266,0.257,25,True
Makine 5,2026-04-14 12:36:00+00:00,2026-04-14 12:57:00+00:00,0.266,0.235,22,True
Makine 9,2026-04-14 08:13:00+00:00,2026-04-14 08:16:00+00:00,0.265,0.225,4,False
Makine 5,2026-05-06 04:59:00+00:00,2026-05-06 05:58:00+00:00,0.265,0.224,60,False
Makine 1,2026-03-03 13:08:00+00:00,2026-03-03 13:16:00+00:00,0.265,0.263,9,True
Makine 2,2026-03-26 10:29:00+00:00,2026-03-26 10:42:00+00:00,0.265,0.215,14,False
Makine 9,2026-04-29 05:01:00+00:00,2026-04-29 05:14:00+00:00,0.264,0.256,14,False
Makine 1,2026-05-13 13:00:00+00:00,2026-05-13 13:12:00+00:00,0.264,0.208,13,False
Makine 1,2026-04-15 07:26:00+00:00,2026-04-15 10:38:00+00:00,0.264,0.232,193,False
Makine 1,2026-04-08 11:42:00+00:00,2026-04-08 12:07:00+00:00,0.264,0.214,26,True
Makine 2,2026-03-11 12:22:00+00:00,2026-03-11 13:09:00+00:00,0.264,0.186,48,True
Makine 1,2026-03-12 10:47:00+00:00,2026-03-12 10:54:00+00:00,0.264,0.207,8,False
Makine 9,2026-04-14 08:52:00+00:00,2026-04-14 09:24:00+00:00,0.261,0.21,33,False
Makine 2,2026-04-09 06:09:00+00:00,2026-04-09 07:15:00+00:00,0.26,0.204,67,False
Makine 9,2026-04-13 06:45:00+00:00,2026-04-13 07:18:00+00:00,0.26,0.194,34,False
Makine 3,2026-03-12 05:32:00+00:00,2026-03-12 06:16:00+00:00,0.26,0.225,45,True
Makine 2,2026-05-12 07:44:00+00:00,2026-05-12 09:26:00+00:00,0.259,0.177,103,False
Makine 2,2026-03-31 06:39:00+00:00,2026-03-31 06:53:00+00:00,0.259,0.165,15,False
Makine 5,2026-04-08 06:57:00+00:00,2026-04-08 07:43:00+00:00,0.258,0.221,47,True
Makine 5,2026-03-30 06:53:00+00:00,2026-03-30 07:20:00+00:00,0.256,0.201,28,False
Makine 2,2026-05-15 11:05:00+00:00,2026-05-15 12:06:00+00:00,0.256,0.173,62,False
Makine 3,2026-04-27 06:41:00+00:00,2026-04-27 07:36:00+00:00,0.255,0.186,56,False
Makine 3,2026-04-20 09:17:00+00:00,2026-04-20 09:28:00+00:00,0.255,0.24,12,False
Makine 1,2026-05-15 10:13:00+00:00,2026-05-15 10:58:00+00:00,0.255,0.25,46,False
Makine 1,2026-04-20 09:08:00+00:00,2026-04-20 09:35:00+00:00,0.255,0.207,28,False
Makine 9,2026-02-23 12:02:00+00:00,2026-02-23 12:13:00+00:00,0.255,0.222,12,False
Makine 1,2026-05-06 12:03:00+00:00,2026-05-06 12:12:00+00:00,0.254,0.245,10,False
Makine 5,2026-03-23 06:48:00+00:00,2026-03-23 08:36:00+00:00,0.254,0.188,109,True
Makine 2,2026-05-11 05:29:00+00:00,2026-05-11 06:14:00+00:00,0.254,0.18,46,True
Makine 1,2026-03-12 08:09:00+00:00,2026-03-12 08:45:00+00:00,0.253,0.196,37,True
Makine 3,2026-04-16 04:46:00+00:00,2026-04-16 05:06:00+00:00,0.253,0.207,21,False
Makine 9,2026-02-10 05:01:00+00:00,2026-02-10 05:54:00+00:00,0.253,0.178,54,False
Makine 9,2026-05-05 08:59:00+00:00,2026-05-05 09:26:00+00:00,0.252,0.216,28,True
Makine 5,2026-05-20 12:58:00+00:00,2026-05-20 13:01:00+00:00,0.252,0.243,4,False
Makine 2,2026-03-26 06:12:00+00:00,2026-03-26 07:00:00+00:00,0.252,0.214,49,False
Makine 9,2026-04-28 06:49:00+00:00,2026-04-28 07:21:00+00:00,0.252,0.176,33,False
Makine 3,2026-04-30 05:02:00+00:00,2026-04-30 05:30:00+00:00,0.251,0.198,29,False
Makine 9,2026-02-04 05:08:00+00:00,2026-02-04 06:13:00+00:00,0.251,0.181,66,False
Makine 2,2026-04-03 05:00:00+00:00,2026-04-03 05:50:00+00:00,0.251,0.169,51,False
Makine 3,2026-03-30 06:37:00+00:00,2026-03-30 07:01:00+00:00,0.25,0.201,25,False
Makine 3,2026-03-25 08:12:00+00:00,2026-03-25 09:26:00+00:00,0.25,0.191,75,True
Makine 3,2026-04-20 05:49:00+00:00,2026-04-20 06:12:00+00:00,0.25,0.18,24,True
Makine 5,2026-04-17 04:41:00+00:00,2026-04-17 04:43:00+00:00,0.249,0.243,3,True
Makine 3,2026-05-21 05:01:00+00:00,2026-05-21 05:13:00+00:00,0.248,0.182,13,False
Makine 1,2026-04-06 05:53:00+00:00,2026-04-06 06:09:00+00:00,0.248,0.195,17,False
Makine 1,2026-03-13 05:58:00+00:00,2026-03-13 06:07:00+00:00,0.248,0.231,10,False
Makine 1,2026-03-26 11:29:00+00:00,2026-03-26 12:02:00+00:00,0.247,0.198,34,True
Makine 2,2026-03-27 11:17:00+00:00,2026-03-27 12:49:00+00:00,0.247,0.171,93,False
Makine 2,2026-04-30 05:00:00+00:00,2026-04-30 06:16:00+00:00,0.246,0.215,77,False
Makine 5,2026-03-30 08:07:00+00:00,2026-03-30 08:35:00+00:00,0.245,0.187,29,False
Makine 1,2026-05-22 13:07:00+00:00,2026-05-22 13:14:00+00:00,0.245,0.228,8,True
Makine 5,2026-04-13 08:16:00+00:00,2026-04-13 08:50:00+00:00,0.245,0.171,35,False
Makine 3,2026-05-08 12:32:00+00:00,2026-05-08 13:31:00+00:00,0.244,0.206,60,True
Makine 9,2026-03-30 05:49:00+00:00,2026-03-30 06:09:00+00:00,0.243,0.219,21,False
Makine 1,2026-04-27 07:21:00+00:00,2026-04-27 07:31:00+00:00,0.243,0.183,11,False
Makine 1,2026-04-28 05:04:00+00:00,2026-04-28 06:05:00+00:00,0.243,0.206,62,True
Makine 5,2026-03-13 05:13:00+00:00,2026-03-13 05:22:00+00:00,0.242,0.211,10,False
Makine 1,2026-03-23 08:41:00+00:00,2026-03-23 08:55:00+00:00,0.242,0.195,15,False
Makine 9,2026-05-06 05:08:00+00:00,2026-05-06 05:41:00+00:00,0.241,0.17,34,False
Makine 5,2026-04-15 09:16:00+00:00,2026-04-15 09:54:00+00:00,0.241,0.199,39,False
Makine 3,2026-04-14 06:49:00+00:00,2026-04-14 07:13:00+00:00,0.241,0.201,25,False
Makine 2,2026-03-09 07:33:00+00:00,2026-03-09 08:07:00+00:00,0.24,0.182,35,False
Makine 3,2026-03-31 10:41:00+00:00,2026-03-31 10:51:00+00:00,0.239,0.194,11,False
Makine 3,2026-04-27 05:04:00+00:00,2026-04-27 05:10:00+00:00,0.239,0.215,7,False
Makine 5,2026-04-16 11:03:00+00:00,2026-04-16 12:06:00+00:00,0.239,0.195,64,False
Makine 1,2026-05-04 13:00:00+00:00,2026-05-04 13:08:00+00:00,0.238,0.211,9,False
Makine 5,2026-04-16 07:34:00+00:00,2026-04-16 09:14:00+00:00,0.238,0.165,101,True
Makine 5,2026-04-02 06:48:00+00:00,2026-04-02 06:58:00+00:00,0.238,0.208,11,False
Makine 1,2026-03-30 13:00:00+00:00,2026-03-30 13:29:00+00:00,0.238,0.223,30,False
Makine 3,2026-05-14 11:01:00+00:00,2026-05-14 11:13:00+00:00,0.237,0.213,13,False
Makine 2,2026-04-17 11:57:00+00:00,2026-04-17 12:13:00+00:00,0.237,0.198,17,False
Makine 2,2026-04-21 09:19:00+00:00,2026-04-21 09:34:00+00:00,0.237,0.193,16,False
Makine 1,2026-04-08 06:43:00+00:00,2026-04-08 06:58:00+00:00,0.237,0.214,16,False
Makine 1,2026-04-10 10:32:00+00:00,2026-04-10 11:23:00+00:00,0.237,0.2,52,False
Makine 2,2026-03-11 05:45:00+00:00,2026-03-11 06:02:00+00:00,0.236,0.198,18,False
Makine 1,2026-04-30 13:05:00+00:00,2026-04-30 13:24:00+00:00,0.236,0.205,20,False
Makine 1,2026-05-06 10:21:00+00:00,2026-05-06 10:46:00+00:00,0.236,0.213,26,False
Makine 3,2026-03-24 12:45:00+00:00,2026-03-24 12:57:00+00:00,0.235,0.203,13,False
Makine 2,2026-04-14 10:59:00+00:00,2026-04-14 11:27:00+00:00,0.235,0.18,29,False
Makine 3,2026-04-06 08:02:00+00:00,2026-04-06 08:45:00+00:00,0.235,0.198,26,True
Makine 3,2026-05-20 06:09:00+00:00,2026-05-20 06:53:00+00:00,0.235,0.205,45,False
Makine 1,2026-04-21 09:58:00+00:00,2026-04-21 10:37:00+00:00,0.235,0.191,40,False
Makine 5,2026-03-27 06:22:00+00:00,2026-03-27 07:58:00+00:00,0.234,0.182,97,False
Makine 3,2026-05-08 10:57:00+00:00,2026-05-08 11:17:00+00:00,0.234,0.193,21,False
Makine 5,2026-03-18 11:11:00+00:00,2026-03-18 11:41:00+00:00,0.234,0.19,31,False
Makine 3,2026-04-13 12:48:00+00:00,2026-04-13 13:17:00+00:00,0.234,0.197,30,False
Makine 2,2026-05-14 08:42:00+00:00,2026-05-14 08:49:00+00:00,0.233,0.181,8,False
Makine 5,2026-03-24 04:42:00+00:00,2026-03-24 04:52:00+00:00,0.233,0.191,11,False
Makine 2,2026-04-02 11:39:00+00:00,2026-04-02 11:51:00+00:00,0.233,0.164,13,True
Makine 2,2026-04-07 05:17:00+00:00,2026-04-07 06:05:00+00:00,0.233,0.182,49,False
Makine 9,2026-03-17 09:16:00+00:00,2026-03-17 09:26:00+00:00,0.232,0.213,11,False
Makine 5,2026-04-06 06:38:00+00:00,2026-04-06 06:59:00+00:00,0.232,0.204,22,False
Makine 5,2026-04-03 04:54:00+00:00,2026-04-03 05:12:00+00:00,0.232,0.156,19,True
Makine 2,2026-04-29 12:31:00+00:00,2026-04-29 13:23:00+00:00,0.231,0.153,53,False
Makine 2,2026-03-16 11:03:00+00:00,2026-03-16 11:07:00+00:00,0.231,0.197,5,True
Makine 2,2026-05-06 06:31:00+00:00,2026-05-06 06:51:00+00:00,0.231,0.202,21,False
Makine 2,2026-04-02 05:30:00+00:00,2026-04-02 05:36:00+00:00,0.231,0.203,7,True
Makine 2,2026-04-08 04:53:00+00:00,2026-04-08 05:34:00+00:00,0.23,0.195,42,True
Makine 3,2026-03-23 05:01:00+00:00,2026-03-23 05:18:00+00:00,0.229,0.194,18,False
Makine 2,2026-03-16 12:53:00+00:00,2026-03-16 13:07:00+00:00,0.228,0.209,15,False
Makine 3,2026-04-28 05:18:00+00:00,2026-04-28 05:30:00+00:00,0.228,0.203,13,False
Makine 2,2026-04-07 11:34:00+00:00,2026-04-07 12:10:00+00:00,0.228,0.166,37,False
Makine 5,2026-03-26 04:41:00+00:00,2026-03-26 04:43:00+00:00,0.228,0.226,3,True
Makine 3,2026-03-10 12:00:00+00:00,2026-03-10 13:18:00+00:00,0.227,0.185,79,True
Makine 9,2026-02-05 05:45:00+00:00,2026-02-05 06:14:00+00:00,0.227,0.182,30,False
Makine 1,2026-03-24 11:19:00+00:00,2026-03-24 11:29:00+00:00,0.227,0.205,11,True
Makine 5,2026-04-01 08:35:00+00:00,2026-04-01 09:07:00+00:00,0.227,0.173,33,True
Makine 9,2026-03-17 12:47:00+00:00,2026-03-17 13:00:00+00:00,0.227,0.184,14,True
Makine 3,2026-05-04 11:05:00+00:00,2026-05-04 12:47:00+00:00,0.226,0.188,103,True
Makine 3,2026-03-12 12:51:00+00:00,2026-03-12 13:25:00+00:00,0.226,0.192,35,True
Makine 1,2026-04-15 05:17:00+00:00,2026-04-15 05:27:00+00:00,0.226,0.218,11,False
Makine 9,2026-02-05 05:00:00+00:00,2026-02-05 05:19:00+00:00,0.226,0.171,20,False
Makine 5,2026-04-30 04:52:00+00:00,2026-04-30 05:17:00+00:00,0.225,0.187,26,False
Makine 1,2026-04-07 11:35:00+00:00,2026-04-07 12:11:00+00:00,0.225,0.186,37,False
Makine 5,2026-04-09 11:10:00+00:00,2026-04-09 12:09:00+00:00,0.224,0.181,60,True
Makine 3,2026-05-04 04:40:00+00:00,2026-05-04 05:05:00+00:00,0.224,0.167,26,False
Makine 3,2026-05-20 05:35:00+00:00,2026-05-20 05:43:00+00:00,0.224,0.214,9,False
Makine 1,2026-05-22 08:07:00+00:00,2026-05-22 08:36:00+00:00,0.223,0.211,30,False
Makine 9,2026-02-12 05:02:00+00:00,2026-02-12 05:16:00+00:00,0.223,0.188,15,False
Makine 5,2026-03-16 13:13:00+00:00,2026-03-16 13:21:00+00:00,0.223,0.198,9,True
Makine 9,2026-04-01 06:43:00+00:00,2026-04-01 07:51:00+00:00,0.223,0.156,69,False
Makine 9,2026-04-14 05:05:00+00:00,2026-04-14 05:39:00+00:00,0.222,0.191,35,True
Makine 5,2026-05-11 04:42:00+00:00,2026-05-11 04:51:00+00:00,0.222,0.198,10,False
Makine 9,2026-03-10 10:57:00+00:00,2026-03-10 11:14:00+00:00,0.221,0.195,18,False
Makine 3,2026-04-14 08:46:00+00:00,2026-04-14 09:22:00+00:00,0.221,0.175,37,True
Makine 5,2026-03-23 09:01:00+00:00,2026-03-23 09:14:00+00:00,0.221,0.203,14,True
Makine 5,2026-03-31 07:08:00+00:00,2026-03-31 07:47:00+00:00,0.221,0.162,40,False
Makine 2,2026-04-03 14:49:00+00:00,2026-04-03 14:55:00+00:00,0.221,0.152,7,False
Makine 3,2026-03-13 04:47:00+00:00,2026-03-13 05:15:00+00:00,0.221,0.18,29,False
Makine 9,2026-03-30 06:53:00+00:00,2026-03-30 06:59:00+00:00,0.22,0.199,7,False
Makine 9,2026-04-27 04:41:00+00:00,2026-04-27 05:12:00+00:00,0.22,0.193,14,True
Makine 9,2026-04-15 05:11:00+00:00,2026-04-15 05:43:00+00:00,0.22,0.193,33,True
Makine 5,2026-03-27 04:41:00+00:00,2026-03-27 04:53:00+00:00,0.219,0.205,13,True
Makine 3,2026-03-11 05:00:00+00:00,2026-03-11 05:12:00+00:00,0.219,0.199,13,False
Makine 2,2026-04-29 11:19:00+00:00,2026-04-29 11:25:00+00:00,0.219,0.183,7,True
Makine 3,2026-03-24 10:03:00+00:00,2026-03-24 10:27:00+00:00,0.219,0.18,25,True
Makine 3,2026-04-08 05:47:00+00:00,2026-04-08 06:15:00+00:00,0.219,0.186,29,False
Makine 5,2026-03-26 07:56:00+00:00,2026-03-26 08:07:00+00:00,0.218,0.192,12,False
Makine 2,2026-05-21 06:56:00+00:00,2026-05-21 07:08:00+00:00,0.218,0.176,13,False
Makine 9,2026-04-27 12:33:00+00:00,2026-04-27 12:46:00+00:00,0.218,0.184,13,False
Makine 2,2026-05-08 05:17:00+00:00,2026-05-08 05:29:00+00:00,0.218,0.206,13,False
Makine 2,2026-04-13 07:19:00+00:00,2026-04-13 07:33:00+00:00,0.218,0.179,15,False
Makine 1,2026-03-04 07:22:00+00:00,2026-03-04 07:41:00+00:00,0.217,0.179,20,False
Makine 2,2026-03-06 09:10:00+00:00,2026-03-06 09:33:00+00:00,0.217,0.171,24,False
Makine 3,2026-04-30 09:11:00+00:00,2026-04-30 09:21:00+00:00,0.217,0.202,11,True
Makine 2,2026-03-13 12:01:00+00:00,2026-03-13 13:15:00+00:00,0.217,0.17,75,False
Makine 3,2026-04-01 05:53:00+00:00,2026-04-01 06:09:00+00:00,0.216,0.196,17,False
Makine 1,2026-05-21 04:51:00+00:00,2026-05-21 04:55:00+00:00,0.216,0.205,5,False
Makine 1,2026-04-08 07:49:00+00:00,2026-04-08 07:59:00+00:00,0.216,0.208,11,False
Makine 2,2026-03-31 07:45:00+00:00,2026-03-31 08:00:00+00:00,0.216,0.177,16,False
Makine 9,2026-04-30 07:30:00+00:00,2026-04-30 07:39:00+00:00,0.215,0.21,10,False
Makine 2,2026-04-15 07:11:00+00:00,2026-04-15 07:21:00+00:00,0.215,0.191,11,False
Makine 1,2026-05-12 07:04:00+00:00,2026-05-12 07:26:00+00:00,0.215,0.165,22,True
Makine 2,2026-05-14 08:02:00+00:00,2026-05-14 08:17:00+00:00,0.215,0.144,16,False
Makine 5,2026-04-09 07:35:00+00:00,2026-04-09 07:42:00+00:00,0.214,0.184,8,False
Makine 1,2026-05-14 09:59:00+00:00,2026-05-14 10:17:00+00:00,0.214,0.203,19,False
Makine 3,2026-04-27 10:01:00+00:00,2026-04-27 10:09:00+00:00,0.214,0.198,9,False
Makine 3,2026-03-24 06:35:00+00:00,2026-03-24 06:42:00+00:00,0.214,0.189,8,False
Makine 5,2026-04-27 11:02:00+00:00,2026-04-27 11:34:00+00:00,0.213,0.204,33,False
Makine 2,2026-05-07 04:57:00+00:00,2026-05-07 05:30:00+00:00,0.213,0.167,34,False
Makine 9,2026-02-20 05:12:00+00:00,2026-02-20 05:18:00+00:00,0.213,0.193,7,True
Makine 2,2026-03-17 11:17:00+00:00,2026-03-17 11:25:00+00:00,0.213,0.205,9,False
Makine 3,2026-03-17 10:22:00+00:00,2026-03-17 10:35:00+00:00,0.212,0.174,14,False
Makine 3,2026-04-07 05:11:00+00:00,2026-04-07 05:35:00+00:00,0.212,0.189,25,True
Makine 2,2026-05-05 08:19:00+00:00,2026-05-05 08:28:00+00:00,0.212,0.177,10,True
Makine 9,2026-02-09 04:58:00+00:00,2026-02-09 05:04:00+00:00,0.212,0.198,7,False
Makine 2,2026-03-04 05:25:00+00:00,2026-03-04 06:14:00+00:00,0.212,0.153,49,False
Makine 1,2026-03-18 05:14:00+00:00,2026-03-18 05:29:00+00:00,0.212,0.182,16,False
Makine 5,2026-03-31 04:40:00+00:00,2026-03-31 04:43:00+00:00,0.212,0.204,4,True
Makine 3,2026-04-29 05:23:00+00:00,2026-04-29 05:37:00+00:00,0.211,0.181,15,False
Makine 2,2026-05-14 12:35:00+00:00,2026-05-14 12:58:00+00:00,0.211,0.181,24,False
Makine 3,2026-05-12 06:56:00+00:00,2026-05-12 06:58:00+00:00,0.211,0.208,3,False
Makine 2,2026-04-29 11:51:00+00:00,2026-04-29 12:03:00+00:00,0.211,0.175,13,True
Makine 5,2026-04-28 05:12:00+00:00,2026-04-28 05:34:00+00:00,0.21,0.142,23,True
Makine 5,2026-05-06 08:26:00+00:00,2026-05-06 09:10:00+00:00,0.21,0.188,45,True
Makine 3,2026-03-11 10:06:00+00:00,2026-03-11 10:15:00+00:00,0.21,0.18,10,False
Makine 2,2026-05-11 07:17:00+00:00,2026-05-11 07:36:00+00:00,0.21,0.139,20,False
Makine 2,2026-05-05 10:09:00+00:00,2026-05-05 10:42:00+00:00,0.21,0.158,34,True
Makine 5,2026-05-06 06:25:00+00:00,2026-05-06 07:11:00+00:00,0.21,0.169,47,False
Makine 1,2026-03-13 05:06:00+00:00,2026-03-13 05:13:00+00:00,0.21,0.196,8,False
Makine 5,2026-03-26 07:13:00+00:00,2026-03-26 07:29:00+00:00,0.209,0.178,14,False
Makine 2,2026-04-02 10:27:00+00:00,2026-04-02 11:18:00+00:00,0.209,0.163,52,True
Makine 2,2026-04-02 12:44:00+00:00,2026-04-02 12:59:00+00:00,0.209,0.189,16,True
Makine 1,2026-03-27 10:50:00+00:00,2026-03-27 11:14:00+00:00,0.208,0.197,25,False
Makine 3,2026-05-04 08:22:00+00:00,2026-05-04 08:42:00+00:00,0.208,0.152,21,False
Makine 9,2026-04-01 05:01:00+00:00,2026-04-01 05:34:00+00:00,0.208,0.177,34,False
Makine 2,2026-04-27 13:01:00+00:00,2026-04-27 13:36:00+00:00,0.207,0.166,36,False
Makine 5,2026-04-27 10:05:00+00:00,2026-04-27 10:39:00+00:00,0.207,0.159,35,False
Makine 1,2026-03-18 07:44:00+00:00,2026-03-18 07:47:00+00:00,0.207,0.2,4,False
Makine 1,2026-03-10 08:36:00+00:00,2026-03-10 08:40:00+00:00,0.207,0.187,5,False
Makine 5,2026-05-04 05:14:00+00:00,2026-05-04 05:18:00+00:00,0.207,0.194,5,True
Makine 2,2026-03-16 05:00:00+00:00,2026-03-16 05:24:00+00:00,0.207,0.149,25,False
Makine 3,2026-04-30 06:03:00+00:00,2026-04-30 06:10:00+00:00,0.206,0.181,8,False
Makine 3,2026-05-08 11:40:00+00:00,2026-05-08 11:58:00+00:00,0.206,0.181,19,False
Makine 5,2026-03-30 11:01:00+00:00,2026-03-30 11:33:00+00:00,0.206,0.153,33,True
Makine 5,2026-04-09 13:08:00+00:00,2026-04-09 13:25:00+00:00,0.206,0.194,18,True
Makine 1,2026-05-12 08:08:00+00:00,2026-05-12 08:16:00+00:00,0.206,0.201,9,False
Makine 9,2026-04-14 06:04:00+00:00,2026-04-14 06:09:00+00:00,0.206,0.203,6,True
Makine 5,2026-03-25 04:41:00+00:00,2026-03-25 04:49:00+00:00,0.205,0.195,9,False
Makine 1,2026-05-04 12:00:00+00:00,2026-05-04 12:04:00+00:00,0.205,0.193,5,False
Makine 1,2026-04-08 08:22:00+00:00,2026-04-08 08:30:00+00:00,0.205,0.194,9,False
Makine 9,2026-04-30 05:02:00+00:00,2026-04-30 05:12:00+00:00,0.205,0.193,11,False
Makine 5,2026-04-14 11:54:00+00:00,2026-04-14 11:59:00+00:00,0.205,0.204,6,True
Makine 5,2026-05-21 12:03:00+00:00,2026-05-21 12:09:00+00:00,0.205,0.184,7,False
Makine 5,2026-05-04 05:45:00+00:00,2026-05-04 06:06:00+00:00,0.205,0.187,22,True
Makine 9,2026-02-03 05:26:00+00:00,2026-02-03 05:29:00+00:00,0.205,0.202,4,False
Makine 3,2026-04-30 11:53:00+00:00,2026-04-30 11:58:00+00:00,0.204,0.196,6,False
Makine 3,2026-04-17 04:53:00+00:00,2026-04-17 05:09:00+00:00,0.204,0.18,17,False
Makine 1,2026-03-04 13:00:00+00:00,2026-03-04 13:20:00+00:00,0.204,0.2,21,True
Makine 5,2026-03-31 05:37:00+00:00,2026-03-31 06:05:00+00:00,0.204,0.148,29,True
Makine 1,2026-03-05 13:08:00+00:00,2026-03-05 13:15:00+00:00,0.203,0.183,8,True
Makine 2,2026-05-14 11:56:00+00:00,2026-05-14 12:12:00+00:00,0.203,0.192,17,False
Makine 9,2026-05-04 12:18:00+00:00,2026-05-04 12:31:00+00:00,0.203,0.189,14,False
Makine 1,2026-04-27 06:02:00+00:00,2026-04-27 06:59:00+00:00,0.202,0.185,58,True
Makine 3,2026-04-30 08:36:00+00:00,2026-04-30 08:42:00+00:00,0.202,0.187,7,True
Makine 3,2026-05-21 10:05:00+00:00,2026-05-21 10:10:00+00:00,0.202,0.181,6,False
Makine 5,2026-03-18 09:20:00+00:00,2026-03-18 09:24:00+00:00,0.202,0.174,5,False
Makine 5,2026-03-26 10:03:00+00:00,2026-03-26 11:04:00+00:00,0.202,0.141,62,False
Makine 1,2026-04-07 13:00:00+00:00,2026-04-07 13:02:00+00:00,0.202,0.192,3,False
Makine 2,2026-05-14 06:45:00+00:00,2026-05-14 07:13:00+00:00,0.202,0.157,29,False
Makine 3,2026-05-08 09:06:00+00:00,2026-05-08 09:20:00+00:00,0.201,0.186,15,False
Makine 5,2026-04-14 11:08:00+00:00,2026-04-14 11:24:00+00:00,0.201,0.182,17,True
Makine 1,2026-04-27 05:03:00+00:00,2026-04-27 05:16:00+00:00,0.201,0.19,14,False
Makine 5,2026-04-22 06:42:00+00:00,2026-04-22 06:52:00+00:00,0.201,0.19,11,False
Makine 3,2026-05-05 06:56:00+00:00,2026-05-05 07:04:00+00:00,0.201,0.188,9,False
Makine 1,2026-03-26 10:17:00+00:00,2026-03-26 10:57:00+00:00,0.2,0.172,41,False
Makine 3,2026-03-25 04:40:00+00:00,2026-03-25 04:49:00+00:00,0.2,0.198,10,False
Makine 5,2026-04-17 11:01:00+00:00,2026-04-17 11:09:00+00:00,0.2,0.198,9,False
Makine 9,2026-04-17 06:39:00+00:00,2026-04-17 06:59:00+00:00,0.2,0.179,21,True
Makine 3,2026-05-08 08:01:00+00:00,2026-05-08 08:28:00+00:00,0.2,0.157,28,False
Makine 2,2026-03-26 08:32:00+00:00,2026-03-26 09:04:00+00:00,0.2,0.182,33,False
Makine 9,2026-04-16 05:02:00+00:00,2026-04-16 05:11:00+00:00,0.2,0.184,10,True
Makine 1,2026-05-04 07:12:00+00:00,2026-05-04 07:24:00+00:00,0.2,0.183,13,False
Makine 2,2026-04-29 09:16:00+00:00,2026-04-29 09:38:00+00:00,0.199,0.178,23,False
Makine 2,2026-03-03 12:36:00+00:00,2026-03-03 12:56:00+00:00,0.199,0.162,21,False
Makine 2,2026-04-21 13:08:00+00:00,2026-04-21 13:12:00+00:00,0.199,0.195,5,True
Makine 3,2026-03-30 05:01:00+00:00,2026-03-30 05:09:00+00:00,0.199,0.185,9,False
Makine 3,2026-04-15 11:18:00+00:00,2026-04-15 11:24:00+00:00,0.198,0.173,7,True
Makine 1,2026-03-30 06:26:00+00:00,2026-03-30 06:43:00+00:00,0.198,0.184,18,False
Makine 1,2026-03-25 10:40:00+00:00,2026-03-25 10:48:00+00:00,0.198,0.189,9,False
Makine 1,2026-03-09 06:20:00+00:00,2026-03-09 06:41:00+00:00,0.198,0.163,22,False
Makine 2,2026-03-24 10:00:00+00:00,2026-03-24 10:34:00+00:00,0.198,0.156,35,False
Makine 3,2026-03-27 10:35:00+00:00,2026-03-27 11:05:00+00:00,0.198,0.195,31,False
Makine 2,2026-05-12 05:48:00+00:00,2026-05-12 05:50:00+00:00,0.198,0.198,3,False
Makine 5,2026-03-30 05:25:00+00:00,2026-03-30 05:42:00+00:00,0.197,0.17,18,False
Makine 3,2026-05-20 12:14:00+00:00,2026-05-20 12:19:00+00:00,0.197,0.193,6,False
Makine 2,2026-05-12 07:08:00+00:00,2026-05-12 07:19:00+00:00,0.196,0.161,12,False
Makine 2,2026-03-02 10:43:00+00:00,2026-03-02 11:08:00+00:00,0.196,0.173,26,False
Makine 3,2026-03-24 07:57:00+00:00,2026-03-24 08:07:00+00:00,0.196,0.174,11,False
Makine 3,2026-03-27 04:53:00+00:00,2026-03-27 05:08:00+00:00,0.196,0.182,16,False
Makine 9,2026-03-09 09:40:00+00:00,2026-03-09 10:06:00+00:00,0.196,0.191,27,False
Makine 9,2026-02-17 05:27:00+00:00,2026-02-17 05:29:00+00:00,0.196,0.187,3,False
Makine 2,2026-03-12 12:23:00+00:00,2026-03-12 12:32:00+00:00,0.195,0.185,10,False
Makine 5,2026-03-31 05:05:00+00:00,2026-03-31 05:15:00+00:00,0.195,0.158,11,True
Makine 3,2026-05-22 13:00:00+00:00,2026-05-22 13:05:00+00:00,0.195,0.181,6,False
Makine 9,2026-03-03 13:01:00+00:00,2026-03-03 13:25:00+00:00,0.195,0.16,25,True
Makine 5,2026-03-30 10:26:00+00:00,2026-03-30 10:38:00+00:00,0.194,0.164,13,False
Makine 2,2026-03-12 05:04:00+00:00,2026-03-12 05:16:00+00:00,0.194,0.181,13,False
Makine 2,2026-03-26 11:40:00+00:00,2026-03-26 12:05:00+00:00,0.194,0.162,26,False
Makine 5,2026-05-11 05:51:00+00:00,2026-05-11 05:56:00+00:00,0.194,0.19,6,False
Makine 1,2026-03-24 10:13:00+00:00,2026-03-24 10:28:00+00:00,0.194,0.138,16,False
Makine 5,2026-03-27 08:33:00+00:00,2026-03-27 08:52:00+00:00,0.194,0.161,20,False
Makine 2,2026-03-17 12:00:00+00:00,2026-03-17 12:19:00+00:00,0.193,0.178,20,False
Makine 3,2026-04-07 06:39:00+00:00,2026-04-07 06:46:00+00:00,0.193,0.152,8,False
Makine 2,2026-04-13 10:40:00+00:00,2026-04-13 11:04:00+00:00,0.193,0.152,25,False
Makine 5,2026-04-08 04:56:00+00:00,2026-04-08 04:59:00+00:00,0.193,0.192,4,True
Makine 5,2026-04-01 13:00:00+00:00,2026-04-01 13:07:00+00:00,0.193,0.191,8,False
Makine 3,2026-05-13 13:00:00+00:00,2026-05-13 13:19:00+00:00,0.192,0.182,20,False
Makine 5,2026-04-30 05:41:00+00:00,2026-04-30 06:08:00+00:00,0.192,0.185,28,False
Makine 9,2026-05-05 07:30:00+00:00,2026-05-05 07:34:00+00:00,0.192,0.187,5,False
Makine 1,2026-03-09 13:00:00+00:00,2026-03-09 13:26:00+00:00,0.192,0.189,27,True
Makine 1,2026-03-23 07:02:00+00:00,2026-03-23 07:04:00+00:00,0.192,0.192,3,False
Makine 9,2026-03-09 13:00:00+00:00,2026-03-09 13:26:00+00:00,0.191,0.185,27,False
Makine 5,2026-03-18 08:32:00+00:00,2026-03-18 08:35:00+00:00,0.191,0.182,4,False
Makine 1,2026-04-06 09:06:00+00:00,2026-04-06 09:15:00+00:00,0.191,0.181,10,False
Makine 3,2026-04-22 05:05:00+00:00,2026-04-22 05:20:00+00:00,0.191,0.184,16,True
Makine 5,2026-04-28 05:57:00+00:00,2026-04-28 06:00:00+00:00,0.191,0.189,4,True
Makine 3,2026-05-04 10:07:00+00:00,2026-05-04 10:13:00+00:00,0.19,0.185,7,False
Makine 2,2026-05-08 13:13:00+00:00,2026-05-08 13:20:00+00:00,0.19,0.15,8,False
Makine 2,2026-05-04 11:04:00+00:00,2026-05-04 11:07:00+00:00,0.19,0.165,4,False
Makine 9,2026-04-28 05:03:00+00:00,2026-04-28 05:09:00+00:00,0.19,0.182,7,True
Makine 2,2026-04-15 08:07:00+00:00,2026-04-15 08:09:00+00:00,0.19,0.19,3,False
Makine 9,2026-04-28 07:52:00+00:00,2026-04-28 08:00:00+00:00,0.19,0.18,9,False
Makine 2,2026-04-28 09:08:00+00:00,2026-04-28 09:20:00+00:00,0.189,0.153,13,False
Makine 3,2026-05-05 05:30:00+00:00,2026-05-05 05:33:00+00:00,0.189,0.189,4,False
Makine 2,2026-03-09 11:05:00+00:00,2026-03-09 11:07:00+00:00,0.189,0.189,3,False
Makine 3,2026-03-12 05:02:00+00:00,2026-03-12 05:07:00+00:00,0.188,0.176,6,True
Makine 2,2026-04-16 11:13:00+00:00,2026-04-16 11:20:00+00:00,0.188,0.163,8,False
Makine 5,2026-04-06 08:16:00+00:00,2026-04-06 08:22:00+00:00,0.188,0.175,7,False
Makine 2,2026-03-26 13:00:00+00:00,2026-03-26 13:02:00+00:00,0.187,0.187,3,False
Makine 2,2026-03-05 06:31:00+00:00,2026-03-05 06:33:00+00:00,0.187,0.185,3,False
Makine 3,2026-03-06 13:00:00+00:00,2026-03-06 13:22:00+00:00,0.187,0.182,23,False
Makine 9,2026-04-01 05:58:00+00:00,2026-04-01 06:08:00+00:00,0.187,0.181,11,False
Makine 3,2026-04-14 05:08:00+00:00,2026-04-14 05:12:00+00:00,0.186,0.174,5,False
Makine 3,2026-03-11 12:12:00+00:00,2026-03-11 12:24:00+00:00,0.186,0.175,13,False
Makine 5,2026-03-11 05:54:00+00:00,2026-03-11 05:58:00+00:00,0.186,0.183,5,False
Makine 9,2026-03-31 12:38:00+00:00,2026-03-31 12:45:00+00:00,0.186,0.148,8,False
Makine 1,2026-04-07 05:15:00+00:00,2026-04-07 05:34:00+00:00,0.186,0.186,20,False
Makine 1,2026-04-22 05:47:00+00:00,2026-04-22 05:51:00+00:00,0.186,0.184,5,False
Makine 3,2026-03-13 06:04:00+00:00,2026-03-13 06:40:00+00:00,0.185,0.159,37,False
Makine 2,2026-05-14 05:53:00+00:00,2026-05-14 06:17:00+00:00,0.185,0.157,25,False
Makine 9,2026-05-04 07:00:00+00:00,2026-05-04 07:03:00+00:00,0.184,0.183,4,False
Makine 1,2026-03-26 06:44:00+00:00,2026-03-26 06:46:00+00:00,0.184,0.184,3,False
Makine 3,2026-03-18 13:07:00+00:00,2026-03-18 13:09:00+00:00,0.184,0.182,3,False
Makine 3,2026-05-08 06:55:00+00:00,2026-05-08 06:57:00+00:00,0.184,0.182,3,False
Makine 1,2026-05-22 04:53:00+00:00,2026-05-22 04:56:00+00:00,0.183,0.181,4,False
Makine 1,2026-04-08 10:18:00+00:00,2026-04-08 10:24:00+00:00,0.183,0.179,7,False
Makine 3,2026-04-08 06:44:00+00:00,2026-04-08 06:49:00+00:00,0.182,0.181,6,False
Makine 3,2026-03-24 10:52:00+00:00,2026-03-24 11:04:00+00:00,0.181,0.156,13,True
Makine 5,2026-03-30 04:48:00+00:00,2026-03-30 04:51:00+00:00,0.181,0.179,4,False
Makine 5,2026-03-25 11:00:00+00:00,2026-03-25 11:13:00+00:00,0.18,0.18,14,False
Makine 1,2026-03-13 13:12:00+00:00,2026-03-13 13:23:00+00:00,0.179,0.176,12,True
Makine 1,2026-03-05 12:20:00+00:00,2026-03-05 12:27:00+00:00,0.179,0.175,8,True
Makine 1,2026-05-08 10:41:00+00:00,2026-05-08 10:53:00+00:00,0.178,0.178,13,True
